free_spaces,timestamp
0,2025-02-08 13:15:20.488534+00:00
0,2025-02-08 13:15:21.525231+00:00
0,2025-02-08 13:15:22.561508+00:00
0,2025-02-08 13:15:23.602157+00:00
0,2025-02-08 13:15:24.646700+00:00
0,2025-02-08 13:15:25.692095+00:00
0,2025-02-08 13:15:26.730805+00:00
0,2025-02-08 13:15:27.792907+00:00
0,2025-02-08 13:15:28.843743+00:00
0,2025-02-08 13:15:29.952494+00:00
0,2025-02-08 13:15:31.013409+00:00
0,2025-02-08 13:15:32.131018+00:00
0,2025-02-08 13:15:33.184199+00:00
0,2025-02-08 13:15:34.247312+00:00
0,2025-02-08 13:15:35.312528+00:00
0,2025-02-08 13:15:36.372719+00:00
0,2025-02-08 13:15:37.428177+00:00
0,2025-02-08 13:15:38.473731+00:00
0,2025-02-08 13:15:39.522737+00:00
0,2025-02-08 13:15:40.584444+00:00
0,2025-02-08 13:15:41.642195+00:00
0,2025-02-08 13:15:42.693856+00:00
0,2025-02-08 13:15:43.779301+00:00
0,2025-02-08 13:15:44.845310+00:00
0,2025-02-08 13:15:45.905676+00:00
0,2025-02-08 13:15:46.998106+00:00
0,2025-02-08 13:15:48.049425+00:00
0,2025-02-08 13:15:49.111812+00:00
0,2025-02-08 13:15:50.169261+00:00
0,2025-02-08 13:15:51.223724+00:00
0,2025-02-08 13:15:52.277697+00:00
0,2025-02-08 13:15:53.323524+00:00
0,2025-02-08 13:15:54.384039+00:00
0,2025-02-08 13:15:55.437837+00:00
0,2025-02-08 13:15:56.494633+00:00
0,2025-02-08 13:15:57.540749+00:00
0,2025-02-08 13:15:58.598247+00:00
0,2025-02-08 13:15:59.657320+00:00
0,2025-02-08 13:16:00.718524+00:00
0,2025-02-08 13:16:01.764990+00:00
0,2025-02-08 13:16:02.830848+00:00
0,2025-02-08 13:16:03.889189+00:00
0,2025-02-08 13:16:04.938518+00:00
0,2025-02-08 13:16:05.992569+00:00
0,2025-02-08 13:16:07.042030+00:00
0,2025-02-08 13:16:08.100619+00:00
0,2025-02-08 13:16:09.158076+00:00
0,2025-02-08 13:16:10.220097+00:00
0,2025-02-08 13:16:11.279390+00:00
0,2025-02-08 13:16:12.331777+00:00
0,2025-02-08 13:16:13.397208+00:00
0,2025-02-08 13:16:14.461226+00:00
0,2025-02-08 13:16:15.540245+00:00
0,2025-02-08 13:16:16.594822+00:00
0,2025-02-08 13:16:17.660398+00:00
0,2025-02-08 13:16:18.709838+00:00
0,2025-02-08 13:16:19.766118+00:00
0,2025-02-08 13:16:20.828545+00:00
0,2025-02-08 13:16:21.879828+00:00
0,2025-02-08 13:16:22.938914+00:00
0,2025-02-08 13:16:23.992991+00:00
0,2025-02-08 13:16:25.055414+00:00
0,2025-02-08 13:16:26.115306+00:00
0,2025-02-08 13:16:27.175484+00:00
0,2025-02-08 13:16:28.235621+00:00
0,2025-02-08 13:16:29.289205+00:00
0,2025-02-08 13:16:30.339063+00:00
0,2025-02-08 13:16:31.388703+00:00
0,2025-02-08 13:16:32.438708+00:00
0,2025-02-08 13:16:33.499359+00:00
0,2025-02-08 13:16:34.553979+00:00
0,2025-02-08 13:16:35.608047+00:00
0,2025-02-08 13:16:36.657083+00:00
0,2025-02-08 13:16:37.719979+00:00
0,2025-02-08 13:16:38.788421+00:00
0,2025-02-08 13:16:39.843568+00:00
0,2025-02-08 13:16:40.902481+00:00
0,2025-02-08 13:16:41.959262+00:00
0,2025-02-08 13:16:43.017456+00:00
0,2025-02-08 13:16:44.079907+00:00
0,2025-02-08 13:16:45.141822+00:00
0,2025-02-08 13:16:46.208544+00:00
0,2025-02-08 13:16:47.268858+00:00
0,2025-02-08 13:16:48.322312+00:00
0,2025-02-08 13:16:49.374361+00:00
0,2025-02-08 13:16:50.447338+00:00
0,2025-02-08 13:16:51.502680+00:00
0,2025-02-08 13:16:52.567849+00:00
0,2025-02-08 13:16:53.625856+00:00
0,2025-02-08 13:16:54.683155+00:00
0,2025-02-08 13:16:55.737603+00:00
0,2025-02-08 13:16:56.789289+00:00
0,2025-02-08 13:16:57.846668+00:00
0,2025-02-08 13:16:58.896167+00:00
0,2025-02-08 13:16:59.955191+00:00
0,2025-02-08 13:17:01.052691+00:00
0,2025-02-08 13:17:02.114686+00:00
0,2025-02-08 13:17:03.162035+00:00
0,2025-02-08 13:17:04.211405+00:00
0,2025-02-08 13:17:05.268827+00:00
0,2025-02-08 13:17:06.332698+00:00
0,2025-02-08 13:17:07.387738+00:00
0,2025-02-08 13:17:08.434779+00:00
0,2025-02-08 13:17:09.483417+00:00
0,2025-02-08 13:17:10.542167+00:00
0,2025-02-08 13:17:11.600272+00:00
0,2025-02-08 13:17:12.651718+00:00
0,2025-02-08 13:17:13.708417+00:00
0,2025-02-08 13:17:14.764856+00:00
0,2025-02-08 13:17:15.831637+00:00
0,2025-02-08 13:17:16.884015+00:00
0,2025-02-08 13:17:17.937204+00:00
0,2025-02-08 13:17:18.995046+00:00
0,2025-02-08 13:17:20.054214+00:00
0,2025-02-08 13:17:21.116158+00:00
0,2025-02-08 13:17:22.169875+00:00
0,2025-02-08 13:17:23.227220+00:00
0,2025-02-08 13:17:24.295770+00:00
0,2025-02-08 13:17:25.355551+00:00
0,2025-02-08 13:17:26.415254+00:00
0,2025-02-08 13:17:27.467087+00:00
0,2025-02-08 13:17:28.529456+00:00
0,2025-02-08 13:17:29.581334+00:00
0,2025-02-08 13:17:30.650045+00:00
0,2025-02-08 13:17:31.703757+00:00
0,2025-02-08 13:17:32.765363+00:00
0,2025-02-08 13:17:33.827597+00:00
0,2025-02-08 13:17:34.886500+00:00
0,2025-02-08 13:17:35.934173+00:00
0,2025-02-08 13:17:36.988952+00:00
0,2025-02-08 13:17:38.044583+00:00
0,2025-02-08 13:17:39.093605+00:00
0,2025-02-08 13:17:40.147595+00:00
0,2025-02-08 13:17:41.205233+00:00
0,2025-02-08 13:17:42.262275+00:00
0,2025-02-08 13:17:43.312396+00:00
0,2025-02-08 13:17:44.369159+00:00
0,2025-02-08 13:17:45.447108+00:00
0,2025-02-08 13:17:46.514764+00:00
0,2025-02-08 13:17:47.574864+00:00
0,2025-02-08 13:17:48.639769+00:00
0,2025-02-08 13:17:49.703622+00:00
0,2025-02-08 13:17:50.758027+00:00
0,2025-02-08 13:17:51.809579+00:00
0,2025-02-08 13:17:52.865942+00:00
0,2025-02-08 13:17:53.931318+00:00
0,2025-02-08 13:17:54.999093+00:00
0,2025-02-08 13:17:56.054346+00:00
0,2025-02-08 13:17:57.119362+00:00
0,2025-02-08 13:17:58.184679+00:00
0,2025-02-08 13:17:59.237419+00:00
0,2025-02-08 13:18:00.291098+00:00
0,2025-02-08 13:18:01.341034+00:00
0,2025-02-08 13:18:02.400611+00:00
0,2025-02-08 13:18:03.460190+00:00
0,2025-02-08 13:18:04.521470+00:00
0,2025-02-08 13:18:05.579449+00:00
0,2025-02-08 13:18:06.639935+00:00
0,2025-02-08 13:18:07.691262+00:00
0,2025-02-08 13:18:08.747973+00:00
0,2025-02-08 13:18:09.802116+00:00
0,2025-02-08 13:18:10.922283+00:00
0,2025-02-08 13:18:11.974374+00:00
0,2025-02-08 13:18:13.027535+00:00
0,2025-02-08 13:18:14.081283+00:00
0,2025-02-08 13:18:15.129111+00:00
0,2025-02-08 13:18:16.188648+00:00
0,2025-02-08 13:18:17.244421+00:00
0,2025-02-08 13:18:18.303781+00:00
0,2025-02-08 13:18:19.351733+00:00
0,2025-02-08 13:18:20.418456+00:00
0,2025-02-08 13:18:21.487347+00:00
0,2025-02-08 13:18:22.532838+00:00
0,2025-02-08 13:18:23.569328+00:00
0,2025-02-08 13:18:24.612740+00:00
0,2025-02-08 13:18:25.652679+00:00
0,2025-02-08 13:18:26.690573+00:00
0,2025-02-08 13:18:27.749040+00:00
0,2025-02-08 13:18:28.795358+00:00
0,2025-02-08 13:18:29.830333+00:00
0,2025-02-08 13:18:30.886146+00:00
0,2025-02-08 13:18:31.938575+00:00
0,2025-02-08 13:18:32.992971+00:00
0,2025-02-08 13:18:34.043655+00:00
0,2025-02-08 13:18:35.106120+00:00
0,2025-02-08 13:18:36.165090+00:00
0,2025-02-08 13:18:37.220328+00:00
0,2025-02-08 13:18:38.277238+00:00
0,2025-02-08 13:18:39.325526+00:00
0,2025-02-08 13:18:40.382185+00:00
0,2025-02-08 13:18:41.417373+00:00
0,2025-02-08 13:18:42.478757+00:00
0,2025-02-08 13:18:43.542993+00:00
0,2025-02-08 13:18:44.593609+00:00
0,2025-02-08 13:18:45.654805+00:00
0,2025-02-08 13:18:46.702135+00:00
0,2025-02-08 13:18:47.763057+00:00
0,2025-02-08 13:18:48.810652+00:00
0,2025-02-08 13:18:49.857493+00:00
0,2025-02-08 13:18:50.920398+00:00
0,2025-02-08 13:18:51.977089+00:00
0,2025-02-08 13:18:53.039782+00:00
0,2025-02-08 13:18:54.094633+00:00
0,2025-02-08 13:18:55.143057+00:00
0,2025-02-08 13:18:56.204896+00:00
0,2025-02-08 13:18:57.259271+00:00
0,2025-02-08 13:18:58.320514+00:00
0,2025-02-08 13:18:59.379529+00:00
0,2025-02-08 13:19:00.437767+00:00
0,2025-02-08 13:19:01.493006+00:00
0,2025-02-08 13:19:02.554985+00:00
0,2025-02-08 13:19:03.617460+00:00
0,2025-02-08 13:19:04.683928+00:00
0,2025-02-08 13:19:05.729299+00:00
0,2025-02-08 13:19:06.777684+00:00
0,2025-02-08 13:19:07.840524+00:00
0,2025-02-08 13:19:08.900556+00:00
0,2025-02-08 13:19:09.966025+00:00
0,2025-02-08 13:19:11.016445+00:00
0,2025-02-08 13:19:12.079028+00:00
0,2025-02-08 13:19:13.145648+00:00
0,2025-02-08 13:19:14.209657+00:00
0,2025-02-08 13:19:15.267569+00:00
0,2025-02-08 13:19:16.330857+00:00
0,2025-02-08 13:19:17.388546+00:00
0,2025-02-08 13:19:18.455604+00:00
0,2025-02-08 13:19:19.511215+00:00
0,2025-02-08 13:19:20.574321+00:00
0,2025-02-08 13:19:21.631804+00:00
0,2025-02-08 13:19:22.707630+00:00
0,2025-02-08 13:19:23.876693+00:00
0,2025-02-08 13:19:24.922977+00:00
0,2025-02-08 13:19:25.974051+00:00
0,2025-02-08 13:19:27.027886+00:00
0,2025-02-08 13:19:28.089276+00:00
0,2025-02-08 13:19:29.222160+00:00
0,2025-02-08 13:19:30.257154+00:00
0,2025-02-08 13:19:31.287237+00:00
0,2025-02-08 13:19:32.329653+00:00
0,2025-02-08 13:19:33.368017+00:00
0,2025-02-08 13:19:34.411064+00:00
0,2025-02-08 13:19:35.468022+00:00
0,2025-02-08 13:19:36.514411+00:00
0,2025-02-08 13:19:37.577030+00:00
0,2025-02-08 13:19:38.628369+00:00
0,2025-02-08 13:19:39.681578+00:00
0,2025-02-08 13:19:40.723771+00:00
0,2025-02-08 13:19:41.763184+00:00
0,2025-02-08 13:19:42.806220+00:00
0,2025-02-08 13:19:43.863377+00:00
0,2025-02-08 13:19:44.921646+00:00
0,2025-02-08 13:19:45.989882+00:00
0,2025-02-08 13:19:47.041427+00:00
0,2025-02-08 13:19:48.101129+00:00
0,2025-02-08 13:19:49.163330+00:00
0,2025-02-08 13:19:50.225771+00:00
0,2025-02-08 13:19:51.284903+00:00
0,2025-02-08 13:19:52.338485+00:00
0,2025-02-08 13:19:53.398706+00:00
0,2025-02-08 13:19:54.452947+00:00
0,2025-02-08 13:19:55.507768+00:00
0,2025-02-08 13:19:56.554672+00:00
0,2025-02-08 13:19:57.605348+00:00
0,2025-02-08 13:19:58.767604+00:00
0,2025-02-08 13:19:59.808902+00:00
0,2025-02-08 13:20:00.846115+00:00
0,2025-02-08 13:20:01.882430+00:00
0,2025-02-08 13:20:02.920386+00:00
0,2025-02-08 13:20:03.974708+00:00
0,2025-02-08 13:20:05.025701+00:00
0,2025-02-08 13:20:06.074551+00:00
0,2025-02-08 13:20:07.132141+00:00
0,2025-02-08 13:20:08.193976+00:00
0,2025-02-08 13:20:09.255764+00:00
0,2025-02-08 13:20:10.313802+00:00
0,2025-02-08 13:20:11.357444+00:00
0,2025-02-08 13:20:12.408322+00:00
0,2025-02-08 13:20:13.458648+00:00
0,2025-02-08 13:20:14.517038+00:00
0,2025-02-08 13:20:15.574778+00:00
0,2025-02-08 13:20:16.624688+00:00
0,2025-02-08 13:20:17.681824+00:00
0,2025-02-08 13:20:18.737976+00:00
0,2025-02-08 13:20:19.788980+00:00
0,2025-02-08 13:20:20.845164+00:00
0,2025-02-08 13:20:21.895110+00:00
0,2025-02-08 13:20:22.946748+00:00
0,2025-02-08 13:20:24.004132+00:00
0,2025-02-08 13:20:25.060264+00:00
0,2025-02-08 13:20:26.114777+00:00
0,2025-02-08 13:20:27.175549+00:00
0,2025-02-08 13:20:28.233800+00:00
0,2025-02-08 13:20:29.295768+00:00
0,2025-02-08 13:20:30.399695+00:00
0,2025-02-08 13:20:31.439739+00:00
0,2025-02-08 13:20:32.492711+00:00
0,2025-02-08 13:43:54.711528+00:00
0,2025-02-08 13:43:55.729244+00:00
0,2025-02-08 13:43:56.748682+00:00
0,2025-02-08 13:43:57.769880+00:00
0,2025-02-08 13:43:58.794868+00:00
0,2025-02-08 13:43:59.819105+00:00
0,2025-02-08 13:44:00.850978+00:00
0,2025-02-08 13:44:01.887481+00:00
0,2025-02-08 13:44:02.919955+00:00
0,2025-02-08 13:44:03.962407+00:00
0,2025-02-08 13:44:04.995603+00:00
0,2025-02-08 13:44:06.038601+00:00
0,2025-02-08 13:44:07.090340+00:00
0,2025-02-08 13:44:08.124529+00:00
0,2025-02-08 13:44:09.161677+00:00
0,2025-02-08 13:44:10.201435+00:00
0,2025-02-08 13:44:11.243092+00:00
0,2025-02-08 13:44:12.278026+00:00
0,2025-02-08 13:44:13.322553+00:00
0,2025-02-08 13:44:14.358715+00:00
0,2025-02-08 13:44:15.397584+00:00
0,2025-02-08 13:44:16.437935+00:00
0,2025-02-08 13:44:17.473905+00:00
0,2025-02-08 13:44:18.513847+00:00
0,2025-02-08 13:44:19.548974+00:00
0,2025-02-08 13:44:20.592058+00:00
0,2025-02-08 13:44:21.623815+00:00
0,2025-02-08 13:44:22.666170+00:00
0,2025-02-08 13:44:23.706493+00:00
0,2025-02-08 13:44:24.750630+00:00
0,2025-02-08 13:44:25.787896+00:00
0,2025-02-08 13:44:26.831905+00:00
0,2025-02-08 13:44:27.878487+00:00
0,2025-02-08 13:44:28.934714+00:00
0,2025-02-08 13:44:29.985286+00:00
0,2025-02-08 13:44:31.032839+00:00
0,2025-02-08 13:44:32.079400+00:00
0,2025-02-08 13:44:33.113125+00:00
0,2025-02-08 13:44:34.153826+00:00
0,2025-02-08 13:44:35.191189+00:00
0,2025-02-08 13:44:36.232778+00:00
0,2025-02-08 13:44:37.273484+00:00
0,2025-02-08 13:44:38.314760+00:00
0,2025-02-08 13:44:39.346507+00:00
0,2025-02-08 13:44:40.381949+00:00
0,2025-02-08 13:44:41.422698+00:00
0,2025-02-08 13:44:42.463710+00:00
0,2025-02-08 13:44:43.515187+00:00
0,2025-02-08 13:44:44.559838+00:00
0,2025-02-08 13:44:45.600537+00:00
0,2025-02-08 13:44:46.645043+00:00
0,2025-02-08 13:44:47.723250+00:00
0,2025-02-08 13:44:48.758436+00:00
0,2025-02-08 13:44:49.805331+00:00
0,2025-02-08 13:44:50.843053+00:00
0,2025-02-08 13:44:51.886618+00:00
0,2025-02-08 13:44:52.921091+00:00
0,2025-02-08 13:44:53.962556+00:00
0,2025-02-08 13:44:55.008589+00:00
0,2025-02-08 13:44:56.049421+00:00
0,2025-02-08 13:44:57.088668+00:00
0,2025-02-08 13:44:58.121800+00:00
0,2025-02-08 13:44:59.168255+00:00
0,2025-02-08 13:45:00.206147+00:00
0,2025-02-08 13:45:01.241765+00:00
0,2025-02-08 13:45:02.279308+00:00
0,2025-02-08 13:45:03.312986+00:00
0,2025-02-08 13:45:04.346922+00:00
0,2025-02-08 13:45:05.387933+00:00
0,2025-02-08 13:45:06.428798+00:00
0,2025-02-08 13:45:07.472918+00:00
0,2025-02-08 13:45:08.508523+00:00
0,2025-02-08 13:45:09.550846+00:00
0,2025-02-08 13:45:10.584508+00:00
0,2025-02-08 13:45:11.634198+00:00
0,2025-02-08 13:45:12.669092+00:00
0,2025-02-08 13:45:13.711027+00:00
0,2025-02-08 13:45:14.747558+00:00
0,2025-02-08 13:45:15.788283+00:00
0,2025-02-08 13:47:38.614200+00:00
0,2025-02-08 13:47:39.128764+00:00
0,2025-02-08 13:47:39.643614+00:00
0,2025-02-08 13:47:40.157302+00:00
0,2025-02-08 13:47:40.670166+00:00
0,2025-02-08 13:47:41.188110+00:00
0,2025-02-08 13:47:41.705242+00:00
0,2025-02-08 13:47:42.221248+00:00
0,2025-02-08 13:47:42.739144+00:00
0,2025-02-08 13:47:43.254244+00:00
0,2025-02-08 13:47:43.770962+00:00
0,2025-02-08 13:47:44.292406+00:00
0,2025-02-08 13:47:44.813746+00:00
0,2025-02-08 13:47:45.335035+00:00
0,2025-02-08 13:47:45.865546+00:00
0,2025-02-08 13:47:46.398230+00:00
0,2025-02-08 13:47:46.932856+00:00
0,2025-02-08 13:47:47.469670+00:00
0,2025-02-08 13:47:48.001517+00:00
0,2025-02-08 13:47:48.537962+00:00
0,2025-02-08 13:47:49.073007+00:00
0,2025-02-08 13:47:49.604308+00:00
0,2025-02-08 13:47:50.140217+00:00
0,2025-02-08 13:47:50.675944+00:00
0,2025-02-08 13:47:51.209237+00:00
0,2025-02-08 13:47:51.741380+00:00
0,2025-02-08 13:47:52.274866+00:00
0,2025-02-08 13:47:52.811073+00:00
0,2025-02-08 13:47:53.341895+00:00
0,2025-02-08 13:47:53.871650+00:00
0,2025-02-08 13:47:54.409618+00:00
0,2025-02-08 13:47:54.942131+00:00
0,2025-02-08 13:47:55.475147+00:00
0,2025-02-08 13:47:56.007083+00:00
0,2025-02-08 13:47:56.542980+00:00
0,2025-02-08 13:47:57.081690+00:00
0,2025-02-08 13:47:57.615196+00:00
0,2025-02-08 13:47:58.149713+00:00
0,2025-02-08 13:47:58.689551+00:00
0,2025-02-08 13:47:59.225684+00:00
0,2025-02-08 13:47:59.765391+00:00
0,2025-02-08 13:48:00.301362+00:00
0,2025-02-08 13:48:00.836367+00:00
0,2025-02-08 13:48:01.367748+00:00
0,2025-02-08 13:48:01.901004+00:00
0,2025-02-08 13:48:02.435718+00:00
0,2025-02-08 13:48:02.973385+00:00
0,2025-02-08 13:48:03.509350+00:00
0,2025-02-08 13:48:04.044617+00:00
0,2025-02-08 13:48:04.577068+00:00
0,2025-02-08 13:48:05.107318+00:00
0,2025-02-08 13:48:05.640144+00:00
0,2025-02-08 13:48:06.169894+00:00
0,2025-02-08 13:48:06.701053+00:00
0,2025-02-08 13:48:07.231299+00:00
0,2025-02-08 13:48:07.763530+00:00
0,2025-02-08 13:48:08.294400+00:00
0,2025-02-08 13:48:08.832718+00:00
0,2025-02-08 13:48:09.363379+00:00
0,2025-02-08 13:48:09.896432+00:00
0,2025-02-08 13:48:10.429016+00:00
0,2025-02-08 13:48:10.964869+00:00
0,2025-02-08 13:48:11.500154+00:00
0,2025-02-08 13:48:12.034806+00:00
0,2025-02-08 13:48:12.565872+00:00
0,2025-02-08 13:48:13.097695+00:00
0,2025-02-08 13:48:13.632047+00:00
0,2025-02-08 13:48:14.170717+00:00
0,2025-02-08 13:48:14.701126+00:00
0,2025-02-08 13:48:15.238171+00:00
0,2025-02-08 13:48:15.772918+00:00
0,2025-02-08 13:48:16.310545+00:00
0,2025-02-08 13:48:16.842507+00:00
0,2025-02-08 13:48:17.376046+00:00
0,2025-02-08 13:48:17.905984+00:00
0,2025-02-08 13:48:18.440791+00:00
0,2025-02-08 13:48:18.974248+00:00
0,2025-02-08 13:48:19.504788+00:00
0,2025-02-08 13:48:20.036696+00:00
0,2025-02-08 13:48:20.583573+00:00
0,2025-02-08 13:48:21.129036+00:00
0,2025-02-08 13:48:21.671397+00:00
0,2025-02-08 13:48:22.213426+00:00
0,2025-02-08 13:48:22.744348+00:00
0,2025-02-08 13:48:23.274799+00:00
0,2025-02-08 13:48:23.817133+00:00
0,2025-02-08 13:48:24.353781+00:00
0,2025-02-08 13:48:24.897223+00:00
0,2025-02-08 13:48:25.438380+00:00
0,2025-02-08 13:48:25.979647+00:00
0,2025-02-08 13:48:26.524024+00:00
0,2025-02-08 13:48:27.062787+00:00
0,2025-02-08 13:48:27.606640+00:00
0,2025-02-08 13:48:28.137935+00:00
0,2025-02-08 13:48:28.685562+00:00
0,2025-02-08 13:48:29.224474+00:00
0,2025-02-08 13:48:29.758974+00:00
0,2025-02-08 13:48:30.294564+00:00
0,2025-02-08 13:48:30.828846+00:00
0,2025-02-08 13:48:31.362617+00:00
0,2025-02-08 13:48:31.929678+00:00
0,2025-02-08 13:48:32.469488+00:00
0,2025-02-08 13:48:33.009390+00:00
0,2025-02-08 13:48:33.558393+00:00
0,2025-02-08 13:48:34.094848+00:00
0,2025-02-08 13:48:34.654524+00:00
0,2025-02-08 13:48:35.193515+00:00
0,2025-02-08 13:48:35.736332+00:00
0,2025-02-08 13:48:36.280828+00:00
0,2025-02-08 13:48:36.816423+00:00
0,2025-02-08 13:48:37.354422+00:00
0,2025-02-08 13:48:37.895071+00:00
0,2025-02-08 13:48:38.427141+00:00
0,2025-02-08 13:48:38.967040+00:00
0,2025-02-08 13:48:39.522120+00:00
0,2025-02-08 13:48:40.079097+00:00
0,2025-02-08 13:48:40.624846+00:00
0,2025-02-08 13:48:41.156201+00:00
0,2025-02-08 13:48:41.691700+00:00
0,2025-02-08 13:48:42.223420+00:00
0,2025-02-08 13:48:42.777493+00:00
0,2025-02-08 13:48:43.310346+00:00
0,2025-02-08 13:48:43.845004+00:00
0,2025-02-08 13:48:44.387185+00:00
0,2025-02-08 13:48:44.918198+00:00
0,2025-02-08 13:48:45.450835+00:00
0,2025-02-08 13:48:45.983343+00:00
0,2025-02-08 13:48:46.519578+00:00
0,2025-02-08 13:48:47.058042+00:00
0,2025-02-08 13:48:47.588513+00:00
0,2025-02-08 13:48:48.132717+00:00
0,2025-02-08 13:48:48.664541+00:00
0,2025-02-08 13:48:49.201214+00:00
0,2025-02-08 13:48:49.761526+00:00
0,2025-02-08 13:48:50.334798+00:00
0,2025-02-08 13:48:50.878919+00:00
0,2025-02-08 13:48:51.411181+00:00
0,2025-02-08 13:48:51.956352+00:00
0,2025-02-08 13:48:52.493985+00:00
0,2025-02-08 13:48:53.028605+00:00
0,2025-02-08 13:48:53.569820+00:00
0,2025-02-08 13:48:54.100443+00:00
0,2025-02-08 13:48:54.633661+00:00
0,2025-02-08 13:48:55.166814+00:00
0,2025-02-08 13:48:55.700465+00:00
0,2025-02-08 13:48:56.234215+00:00
0,2025-02-08 13:48:56.786246+00:00
0,2025-02-08 13:48:57.327357+00:00
0,2025-02-08 13:48:57.873682+00:00
0,2025-02-08 13:48:58.410773+00:00
0,2025-02-08 13:48:58.959209+00:00
0,2025-02-08 13:48:59.494968+00:00
0,2025-02-08 13:49:00.032322+00:00
0,2025-02-08 13:49:00.571923+00:00
0,2025-02-08 13:49:01.109304+00:00
0,2025-02-08 13:49:01.650613+00:00
0,2025-02-08 13:49:02.183239+00:00
0,2025-02-08 13:49:02.724334+00:00
0,2025-02-08 13:49:03.264312+00:00
0,2025-02-08 13:49:03.797278+00:00
0,2025-02-08 13:49:04.330172+00:00
0,2025-02-08 13:49:04.881778+00:00
0,2025-02-08 13:49:05.432757+00:00
0,2025-02-08 13:49:05.967480+00:00
0,2025-02-08 13:49:06.510547+00:00
0,2025-02-08 13:49:07.050804+00:00
0,2025-02-08 13:49:07.590605+00:00
0,2025-02-08 13:49:08.128013+00:00
0,2025-02-08 13:49:08.660976+00:00
0,2025-02-08 13:49:09.207070+00:00
0,2025-02-08 13:49:09.749685+00:00
0,2025-02-08 13:49:10.291239+00:00
0,2025-02-08 13:49:10.829707+00:00
0,2025-02-08 13:49:11.362635+00:00
0,2025-02-08 13:49:11.907437+00:00
0,2025-02-08 13:49:12.459553+00:00
0,2025-02-08 13:49:13.010298+00:00
0,2025-02-08 13:49:13.548189+00:00
0,2025-02-08 13:49:14.080203+00:00
0,2025-02-08 13:49:14.612020+00:00
0,2025-02-08 13:49:15.149907+00:00
0,2025-02-08 13:49:15.700290+00:00
0,2025-02-08 13:49:16.237884+00:00
0,2025-02-08 13:49:16.771773+00:00
0,2025-02-08 13:49:17.309194+00:00
0,2025-02-08 13:49:17.848202+00:00
0,2025-02-08 13:49:18.384626+00:00
0,2025-02-08 13:49:18.916924+00:00
0,2025-02-08 13:49:19.459027+00:00
0,2025-02-08 13:49:20.029208+00:00
0,2025-02-08 13:49:20.555150+00:00
0,2025-02-08 13:49:21.076460+00:00
0,2025-02-08 13:49:21.597005+00:00
0,2025-02-08 13:49:22.138734+00:00
0,2025-02-08 13:49:22.673313+00:00
0,2025-02-08 13:49:23.212786+00:00
0,2025-02-08 13:49:23.757330+00:00
0,2025-02-08 13:49:24.289411+00:00
0,2025-02-08 13:49:24.823656+00:00
0,2025-02-08 13:49:25.353239+00:00
0,2025-02-08 13:49:25.883627+00:00
0,2025-02-08 13:49:26.415288+00:00
0,2025-02-08 13:49:26.946830+00:00
0,2025-02-08 13:49:27.478727+00:00
0,2025-02-08 13:49:28.013294+00:00
0,2025-02-08 13:49:28.550252+00:00
0,2025-02-08 13:49:29.084104+00:00
0,2025-02-08 13:49:29.627381+00:00
0,2025-02-08 13:49:30.163570+00:00
0,2025-02-08 13:49:30.695936+00:00
0,2025-02-08 13:49:31.232556+00:00
0,2025-02-08 13:49:31.769681+00:00
0,2025-02-08 13:49:32.302969+00:00
0,2025-02-08 13:49:32.844920+00:00
0,2025-02-08 13:49:33.378057+00:00
0,2025-02-08 13:49:33.918470+00:00
0,2025-02-08 13:49:34.453300+00:00
0,2025-02-08 13:49:34.990839+00:00
0,2025-02-08 13:49:35.533770+00:00
0,2025-02-08 13:49:36.068055+00:00
0,2025-02-08 13:49:36.605004+00:00
0,2025-02-08 13:49:37.146310+00:00
0,2025-02-08 13:49:37.679875+00:00
0,2025-02-08 13:49:38.220733+00:00
0,2025-02-08 13:49:38.766312+00:00
0,2025-02-08 13:49:39.308556+00:00
0,2025-02-08 13:49:39.854715+00:00
0,2025-02-08 13:49:40.392566+00:00
0,2025-02-08 13:49:40.935923+00:00
0,2025-02-08 13:49:41.476882+00:00
0,2025-02-08 13:49:42.018228+00:00
0,2025-02-08 13:49:42.553591+00:00
0,2025-02-08 13:49:43.096430+00:00
0,2025-02-08 13:49:43.638559+00:00
0,2025-02-08 13:49:44.176936+00:00
0,2025-02-08 13:49:44.721100+00:00
0,2025-02-08 13:49:45.258505+00:00
0,2025-02-08 13:49:45.802736+00:00
0,2025-02-08 13:49:46.349769+00:00
0,2025-02-08 13:49:46.887345+00:00
0,2025-02-08 13:49:47.421397+00:00
0,2025-02-08 13:49:47.966000+00:00
0,2025-02-08 13:49:48.487955+00:00
0,2025-02-08 13:49:49.017289+00:00
0,2025-02-08 13:49:49.544444+00:00
0,2025-02-08 13:49:50.066739+00:00
0,2025-02-08 13:49:50.596165+00:00
0,2025-02-08 13:49:51.120072+00:00
0,2025-02-08 13:49:51.650012+00:00
0,2025-02-08 13:49:52.184177+00:00
0,2025-02-08 13:49:52.705898+00:00
0,2025-02-08 13:49:53.247696+00:00
0,2025-02-08 13:49:53.789504+00:00
0,2025-02-08 13:49:54.320708+00:00
0,2025-02-08 13:49:54.877080+00:00
0,2025-02-08 13:49:55.440326+00:00
0,2025-02-08 13:49:56.009325+00:00
0,2025-02-08 13:49:56.549279+00:00
0,2025-02-08 13:49:57.085994+00:00
0,2025-02-08 13:49:57.622113+00:00
0,2025-02-08 13:49:58.163699+00:00
0,2025-02-08 13:49:58.708388+00:00
0,2025-02-08 13:49:59.255801+00:00
0,2025-02-08 13:49:59.793899+00:00
0,2025-02-08 13:50:00.325586+00:00
0,2025-02-08 13:50:00.861454+00:00
0,2025-02-08 13:50:01.396544+00:00
0,2025-02-08 13:50:01.919199+00:00
0,2025-02-08 13:50:02.445710+00:00
0,2025-02-08 13:50:02.966003+00:00
0,2025-02-08 13:50:03.492818+00:00
0,2025-02-08 13:50:04.018199+00:00
0,2025-02-08 13:50:04.535499+00:00
0,2025-02-08 13:50:05.067791+00:00
0,2025-02-08 13:50:05.595536+00:00
0,2025-02-08 13:50:06.127686+00:00
0,2025-02-08 13:50:06.666988+00:00
0,2025-02-08 13:50:07.209495+00:00
0,2025-02-08 13:50:07.749731+00:00
0,2025-02-08 13:50:08.294638+00:00
0,2025-02-08 13:50:08.840310+00:00
0,2025-02-08 13:50:09.378735+00:00
0,2025-02-08 13:50:09.923961+00:00
0,2025-02-08 13:50:10.456710+00:00
0,2025-02-08 13:50:10.993434+00:00
0,2025-02-08 13:50:11.533852+00:00
0,2025-02-08 13:50:12.076335+00:00
0,2025-02-08 13:50:12.609916+00:00
0,2025-02-08 13:50:13.145188+00:00
0,2025-02-08 13:50:13.686544+00:00
0,2025-02-08 13:50:14.232090+00:00
0,2025-02-08 13:50:14.786888+00:00
0,2025-02-08 13:50:15.330438+00:00
0,2025-02-08 13:50:15.871983+00:00
0,2025-02-08 13:50:16.407912+00:00
0,2025-02-08 13:50:16.944918+00:00
0,2025-02-08 13:50:17.504391+00:00
0,2025-02-08 13:50:18.058118+00:00
0,2025-02-08 13:50:18.606836+00:00
0,2025-02-08 13:50:19.157109+00:00
0,2025-02-08 13:50:19.723111+00:00
0,2025-02-08 13:50:20.284348+00:00
0,2025-02-08 13:50:20.850853+00:00
0,2025-02-08 13:50:21.401122+00:00
0,2025-02-08 13:50:21.958580+00:00
0,2025-02-08 13:50:22.523093+00:00
0,2025-02-08 13:50:23.071137+00:00
0,2025-02-08 13:50:23.636335+00:00
0,2025-02-08 13:50:24.165112+00:00
0,2025-02-08 13:50:24.717085+00:00
0,2025-02-08 13:50:25.258049+00:00
0,2025-02-08 13:50:25.800468+00:00
0,2025-02-08 13:50:26.338500+00:00
0,2025-02-08 13:50:26.883802+00:00
0,2025-02-08 13:50:27.428470+00:00
0,2025-02-08 13:50:27.968163+00:00
0,2025-02-08 13:50:28.504965+00:00
0,2025-02-08 13:50:29.054685+00:00
0,2025-02-08 13:50:29.603249+00:00
0,2025-02-08 13:50:30.159328+00:00
0,2025-02-08 13:50:30.708624+00:00
0,2025-02-08 13:50:31.261530+00:00
0,2025-02-08 13:50:31.816589+00:00
0,2025-02-08 13:50:32.369465+00:00
0,2025-02-08 13:50:32.939526+00:00
0,2025-02-08 13:50:33.501683+00:00
0,2025-02-08 13:50:34.065536+00:00
0,2025-02-08 13:50:34.623757+00:00
0,2025-02-08 13:50:35.191907+00:00
0,2025-02-08 13:50:35.748135+00:00
0,2025-02-08 13:50:36.286841+00:00
0,2025-02-08 13:50:36.837367+00:00
0,2025-02-08 13:50:37.393571+00:00
0,2025-02-08 13:50:37.955038+00:00
0,2025-02-08 13:50:38.502681+00:00
0,2025-02-08 13:50:39.062085+00:00
0,2025-02-08 13:50:39.628146+00:00
0,2025-02-08 13:50:40.180837+00:00
0,2025-02-08 13:50:40.739024+00:00
0,2025-02-08 13:50:41.283183+00:00
0,2025-02-08 13:50:41.840703+00:00
0,2025-02-08 13:50:42.386600+00:00
0,2025-02-08 13:50:42.938145+00:00
0,2025-02-08 13:50:43.496907+00:00
0,2025-02-08 13:50:44.050597+00:00
0,2025-02-08 13:50:44.611783+00:00
0,2025-02-08 13:50:45.155529+00:00
0,2025-02-08 13:50:45.714211+00:00
0,2025-02-08 13:50:46.267941+00:00
0,2025-02-08 13:50:46.819327+00:00
0,2025-02-08 13:50:47.381243+00:00
0,2025-02-08 13:50:47.947679+00:00
0,2025-02-08 13:50:48.505190+00:00
0,2025-02-08 13:50:49.081112+00:00
0,2025-02-08 13:50:49.709345+00:00
0,2025-02-08 13:50:50.245885+00:00
0,2025-02-08 13:50:50.794389+00:00
0,2025-02-08 13:50:51.326834+00:00
0,2025-02-08 13:50:51.867063+00:00
0,2025-02-08 13:50:52.409177+00:00
0,2025-02-08 13:50:52.946826+00:00
0,2025-02-08 13:50:53.491045+00:00
0,2025-02-08 13:50:54.040739+00:00
0,2025-02-08 13:50:54.588159+00:00
0,2025-02-08 13:50:55.136821+00:00
0,2025-02-08 13:50:55.693020+00:00
0,2025-02-08 13:50:56.262530+00:00
0,2025-02-08 13:50:56.827307+00:00
0,2025-02-08 13:50:57.366884+00:00
0,2025-02-08 13:50:57.903546+00:00
0,2025-02-08 13:50:58.445332+00:00
0,2025-02-08 13:50:58.991316+00:00
0,2025-02-08 13:50:59.535125+00:00
0,2025-02-08 13:51:00.067484+00:00
0,2025-02-08 13:51:00.600792+00:00
0,2025-02-08 13:51:01.143313+00:00
0,2025-02-08 13:51:01.695058+00:00
0,2025-02-08 13:51:02.245102+00:00
0,2025-02-08 13:51:02.803834+00:00
0,2025-02-08 13:51:03.358889+00:00
0,2025-02-08 13:51:03.919608+00:00
0,2025-02-08 13:51:04.474396+00:00
0,2025-02-08 13:51:05.038608+00:00
0,2025-02-08 13:51:05.589376+00:00
0,2025-02-08 13:51:06.143310+00:00
0,2025-02-08 13:51:06.699682+00:00
0,2025-02-08 13:51:07.247942+00:00
0,2025-02-08 13:51:07.796918+00:00
0,2025-02-08 13:51:08.346922+00:00
0,2025-02-08 13:51:08.919458+00:00
0,2025-02-08 13:51:09.487016+00:00
0,2025-02-08 13:51:10.031811+00:00
0,2025-02-08 13:51:10.564349+00:00
0,2025-02-08 13:51:11.103072+00:00
0,2025-02-08 13:51:11.645854+00:00
0,2025-02-08 13:51:12.188648+00:00
0,2025-02-08 13:51:12.733378+00:00
0,2025-02-08 13:51:13.271576+00:00
0,2025-02-08 13:51:13.816248+00:00
0,2025-02-08 13:51:14.368194+00:00
0,2025-02-08 13:51:14.905816+00:00
0,2025-02-08 13:51:15.447927+00:00
0,2025-02-08 13:51:15.992976+00:00
0,2025-02-08 13:51:16.581422+00:00
0,2025-02-08 13:51:17.130323+00:00
0,2025-02-08 13:51:17.675220+00:00
0,2025-02-08 13:51:18.221380+00:00
0,2025-02-08 13:51:18.767288+00:00
0,2025-02-08 13:51:19.317540+00:00
0,2025-02-08 13:51:19.864593+00:00
0,2025-02-08 13:51:20.413666+00:00
0,2025-02-08 13:51:20.977036+00:00
0,2025-02-08 13:51:21.532585+00:00
0,2025-02-08 13:51:22.089449+00:00
0,2025-02-08 13:51:22.638061+00:00
0,2025-02-08 13:51:23.187761+00:00
0,2025-02-08 13:51:23.738801+00:00
0,2025-02-08 13:51:24.284837+00:00
0,2025-02-08 13:51:24.837845+00:00
0,2025-02-08 13:51:25.398911+00:00
0,2025-02-08 13:51:25.943750+00:00
0,2025-02-08 13:51:26.495353+00:00
0,2025-02-08 13:51:27.042285+00:00
0,2025-02-08 13:51:27.746550+00:00
0,2025-02-08 13:51:28.292141+00:00
0,2025-02-08 13:51:28.834774+00:00
0,2025-02-08 13:51:29.371606+00:00
0,2025-02-08 13:51:29.912920+00:00
0,2025-02-08 13:51:30.455458+00:00
0,2025-02-08 13:51:30.994603+00:00
0,2025-02-08 13:51:31.548386+00:00
0,2025-02-08 13:51:32.085887+00:00
0,2025-02-08 13:51:32.640161+00:00
0,2025-02-08 13:51:33.200265+00:00
0,2025-02-08 13:51:33.756406+00:00
0,2025-02-08 13:51:34.304483+00:00
0,2025-02-08 13:51:34.861105+00:00
0,2025-02-08 13:51:35.416003+00:00
72,2025-02-08 13:51:35.992766+00:00
72,2025-02-08 13:51:36.549104+00:00
72,2025-02-08 13:51:37.103405+00:00
72,2025-02-08 13:51:37.658914+00:00
72,2025-02-08 13:51:38.208812+00:00
72,2025-02-08 13:51:38.770938+00:00
72,2025-02-08 13:51:39.319813+00:00
72,2025-02-08 13:51:39.875285+00:00
72,2025-02-08 13:51:40.428528+00:00
72,2025-02-08 13:51:40.993708+00:00
72,2025-02-08 13:51:41.540933+00:00
72,2025-02-08 13:51:42.092453+00:00
72,2025-02-08 13:51:42.640335+00:00
72,2025-02-08 13:51:43.199969+00:00
72,2025-02-08 13:51:43.755484+00:00
72,2025-02-08 13:51:44.312006+00:00
72,2025-02-08 13:51:44.872103+00:00
72,2025-02-08 13:51:45.422442+00:00
72,2025-02-08 13:51:45.978566+00:00
72,2025-02-08 13:51:46.532972+00:00
72,2025-02-08 13:51:47.086332+00:00
72,2025-02-08 13:51:47.647053+00:00
72,2025-02-08 13:51:48.204012+00:00
72,2025-02-08 13:51:48.758848+00:00
72,2025-02-08 13:51:49.330966+00:00
72,2025-02-08 13:51:49.888543+00:00
72,2025-02-08 13:51:50.435926+00:00
72,2025-02-08 13:51:50.990148+00:00
72,2025-02-08 13:51:51.544147+00:00
72,2025-02-08 13:51:52.115244+00:00
72,2025-02-08 13:51:52.660904+00:00
72,2025-02-08 13:51:53.211502+00:00
72,2025-02-08 13:51:53.763393+00:00
72,2025-02-08 13:51:54.308129+00:00
72,2025-02-08 13:51:54.863826+00:00
72,2025-02-08 13:51:55.421171+00:00
72,2025-02-08 13:51:55.968055+00:00
72,2025-02-08 13:51:56.526628+00:00
72,2025-02-08 13:51:57.084142+00:00
72,2025-02-08 13:51:57.649255+00:00
72,2025-02-08 13:51:58.208806+00:00
72,2025-02-08 13:51:58.761854+00:00
72,2025-02-08 13:51:59.317364+00:00
72,2025-02-08 13:51:59.868885+00:00
72,2025-02-08 13:52:00.432215+00:00
72,2025-02-08 13:52:00.983904+00:00
72,2025-02-08 13:52:01.539336+00:00
72,2025-02-08 13:52:02.093297+00:00
72,2025-02-08 13:52:02.645989+00:00
72,2025-02-08 13:52:03.198799+00:00
72,2025-02-08 13:52:03.754895+00:00
72,2025-02-08 13:52:04.305108+00:00
72,2025-02-08 13:52:04.853207+00:00
72,2025-02-08 13:52:05.397586+00:00
72,2025-02-08 13:52:05.947899+00:00
72,2025-02-08 13:52:06.493005+00:00
72,2025-02-08 13:52:07.055378+00:00
72,2025-02-08 13:52:07.604487+00:00
72,2025-02-08 13:52:08.155708+00:00
72,2025-02-08 13:52:08.729256+00:00
72,2025-02-08 13:52:09.279398+00:00
72,2025-02-08 13:52:09.834325+00:00
72,2025-02-08 13:52:10.387009+00:00
72,2025-02-08 13:52:10.950270+00:00
72,2025-02-08 13:52:11.500659+00:00
72,2025-02-08 13:52:12.054000+00:00
72,2025-02-08 13:52:12.605699+00:00
72,2025-02-08 13:52:13.163345+00:00
72,2025-02-08 13:52:13.715169+00:00
72,2025-02-08 13:52:14.275359+00:00
72,2025-02-08 13:52:14.828314+00:00
72,2025-02-08 13:52:15.380029+00:00
72,2025-02-08 13:52:15.931928+00:00
72,2025-02-08 13:52:16.487425+00:00
72,2025-02-08 13:52:17.036915+00:00
72,2025-02-08 13:52:17.587602+00:00
72,2025-02-08 13:52:18.135474+00:00
72,2025-02-08 13:52:18.687628+00:00
72,2025-02-08 13:52:19.246508+00:00
72,2025-02-08 13:52:19.795393+00:00
72,2025-02-08 13:52:20.347034+00:00
72,2025-02-08 13:52:20.906531+00:00
72,2025-02-08 13:52:21.472637+00:00
72,2025-02-08 13:52:22.044555+00:00
72,2025-02-08 13:52:22.596904+00:00
72,2025-02-08 13:52:23.137948+00:00
72,2025-02-08 13:52:23.691471+00:00
72,2025-02-08 13:52:24.240280+00:00
72,2025-02-08 13:52:24.807207+00:00
72,2025-02-08 13:52:25.351680+00:00
72,2025-02-08 13:52:25.903564+00:00
72,2025-02-08 13:52:26.471510+00:00
71,2025-02-08 13:52:27.024776+00:00
71,2025-02-08 13:52:27.568152+00:00
71,2025-02-08 13:52:28.119778+00:00
71,2025-02-08 13:52:28.665263+00:00
71,2025-02-08 13:52:29.214424+00:00
71,2025-02-08 13:52:29.765893+00:00
71,2025-02-08 13:52:30.337738+00:00
70,2025-02-08 13:52:30.884339+00:00
71,2025-02-08 13:52:31.450175+00:00
70,2025-02-08 13:52:32.008196+00:00
71,2025-02-08 13:52:32.563336+00:00
72,2025-02-08 13:52:33.127533+00:00
72,2025-02-08 13:52:33.678813+00:00
72,2025-02-08 13:52:34.230692+00:00
72,2025-02-08 13:52:34.783089+00:00
72,2025-02-08 13:52:35.325734+00:00
72,2025-02-08 13:52:35.883193+00:00
72,2025-02-08 13:52:36.436593+00:00
72,2025-02-08 13:52:37.032876+00:00
72,2025-02-08 13:52:37.586122+00:00
72,2025-02-08 13:52:38.163194+00:00
72,2025-02-08 13:52:38.713299+00:00
72,2025-02-08 13:52:39.261803+00:00
72,2025-02-08 13:52:39.813977+00:00
72,2025-02-08 13:52:40.365886+00:00
72,2025-02-08 13:52:40.927886+00:00
72,2025-02-08 13:52:41.480046+00:00
72,2025-02-08 13:52:42.028641+00:00
72,2025-02-08 13:52:42.577376+00:00
72,2025-02-08 13:52:43.129746+00:00
72,2025-02-08 13:52:43.687796+00:00
72,2025-02-08 13:52:44.234382+00:00
72,2025-02-08 13:52:44.787874+00:00
72,2025-02-08 13:52:45.344285+00:00
72,2025-02-08 13:52:45.897473+00:00
72,2025-02-08 13:52:46.448293+00:00
72,2025-02-08 13:52:47.051653+00:00
72,2025-02-08 13:52:47.607314+00:00
72,2025-02-08 13:52:48.156455+00:00
72,2025-02-08 13:52:48.704129+00:00
72,2025-02-08 13:52:49.252259+00:00
72,2025-02-08 13:52:49.809461+00:00
72,2025-02-08 13:52:50.362434+00:00
72,2025-02-08 13:52:50.922879+00:00
72,2025-02-08 13:52:51.503476+00:00
72,2025-02-08 13:52:52.058093+00:00
72,2025-02-08 13:52:52.618775+00:00
72,2025-02-08 13:52:53.176209+00:00
72,2025-02-08 13:52:53.721464+00:00
72,2025-02-08 13:52:54.282319+00:00
72,2025-02-08 13:52:54.837182+00:00
72,2025-02-08 13:52:55.395586+00:00
71,2025-02-08 13:52:55.942796+00:00
72,2025-02-08 13:52:56.498306+00:00
72,2025-02-08 13:52:57.048500+00:00
72,2025-02-08 13:52:57.612442+00:00
72,2025-02-08 13:52:58.169477+00:00
72,2025-02-08 13:52:58.724793+00:00
72,2025-02-08 13:52:59.273018+00:00
72,2025-02-08 13:52:59.826685+00:00
72,2025-02-08 13:53:00.379018+00:00
72,2025-02-08 13:53:00.933285+00:00
72,2025-02-08 13:53:01.485563+00:00
72,2025-02-08 13:53:02.035490+00:00
72,2025-02-08 13:53:02.593103+00:00
71,2025-02-08 13:53:03.143917+00:00
71,2025-02-08 13:53:03.704882+00:00
72,2025-02-08 13:53:04.253173+00:00
72,2025-02-08 13:53:04.814122+00:00
72,2025-02-08 13:53:05.365386+00:00
72,2025-02-08 13:53:05.924160+00:00
72,2025-02-08 13:53:06.479280+00:00
72,2025-02-08 13:53:07.032618+00:00
72,2025-02-08 13:53:07.583174+00:00
72,2025-02-08 13:53:08.147357+00:00
72,2025-02-08 13:53:08.708834+00:00
72,2025-02-08 13:53:09.260758+00:00
72,2025-02-08 13:53:09.809713+00:00
72,2025-02-08 13:53:10.364973+00:00
72,2025-02-08 13:53:10.927928+00:00
72,2025-02-08 13:53:11.484965+00:00
72,2025-02-08 13:53:12.038318+00:00
72,2025-02-08 13:53:12.603689+00:00
72,2025-02-08 13:53:13.156304+00:00
72,2025-02-08 13:53:13.706833+00:00
72,2025-02-08 13:53:14.261570+00:00
72,2025-02-08 13:53:14.815909+00:00
72,2025-02-08 13:53:15.372446+00:00
72,2025-02-08 13:53:15.926764+00:00
72,2025-02-08 13:53:16.482653+00:00
72,2025-02-08 13:53:17.033997+00:00
72,2025-02-08 13:53:17.591826+00:00
72,2025-02-08 13:53:18.142549+00:00
72,2025-02-08 13:53:18.695006+00:00
72,2025-02-08 13:53:19.245981+00:00
72,2025-02-08 13:53:19.800963+00:00
72,2025-02-08 13:53:20.347034+00:00
72,2025-02-08 13:53:20.900799+00:00
72,2025-02-08 13:53:21.458588+00:00
72,2025-02-08 13:53:22.031536+00:00
72,2025-02-08 13:53:22.587067+00:00
72,2025-02-08 13:53:23.148302+00:00
72,2025-02-08 13:53:23.712791+00:00
72,2025-02-08 13:53:24.266906+00:00
72,2025-02-08 13:53:24.820606+00:00
72,2025-02-08 13:53:25.375732+00:00
72,2025-02-08 13:53:25.931356+00:00
72,2025-02-08 13:53:26.483965+00:00
72,2025-02-08 13:53:27.033580+00:00
72,2025-02-08 13:53:27.594936+00:00
72,2025-02-08 13:53:28.148414+00:00
72,2025-02-08 13:53:28.696403+00:00
72,2025-02-08 13:53:29.246499+00:00
72,2025-02-08 13:53:29.790737+00:00
72,2025-02-08 13:53:30.342051+00:00
72,2025-02-08 13:53:30.897979+00:00
72,2025-02-08 13:53:31.447360+00:00
72,2025-02-08 13:53:31.997143+00:00
72,2025-02-08 13:53:32.554942+00:00
72,2025-02-08 13:53:33.114692+00:00
72,2025-02-08 13:53:33.670315+00:00
72,2025-02-08 13:53:34.222883+00:00
72,2025-02-08 13:53:34.766605+00:00
72,2025-02-08 13:53:35.317521+00:00
72,2025-02-08 13:53:35.865216+00:00
72,2025-02-08 13:53:36.425120+00:00
72,2025-02-08 13:53:36.985454+00:00
72,2025-02-08 13:53:37.541888+00:00
72,2025-02-08 13:53:38.092661+00:00
72,2025-02-08 13:53:38.650008+00:00
72,2025-02-08 13:53:39.200493+00:00
72,2025-02-08 13:53:39.770205+00:00
72,2025-02-08 13:53:40.315330+00:00
72,2025-02-08 13:53:40.868814+00:00
72,2025-02-08 13:53:41.418783+00:00
72,2025-02-08 13:53:41.974562+00:00
100,2025-02-08 13:53:42.519084+00:00
100,2025-02-08 13:53:43.067143+00:00
100,2025-02-08 13:53:43.614147+00:00
100,2025-02-08 13:53:44.171318+00:00
100,2025-02-08 13:53:44.738210+00:00
100,2025-02-08 13:53:45.298964+00:00
100,2025-02-08 13:53:45.849461+00:00
100,2025-02-08 13:53:46.397240+00:00
100,2025-02-08 13:53:46.951678+00:00
100,2025-02-08 13:53:47.501348+00:00
100,2025-02-08 13:53:48.056244+00:00
100,2025-02-08 13:53:48.607113+00:00
100,2025-02-08 13:53:49.162969+00:00
100,2025-02-08 13:53:49.714685+00:00
100,2025-02-08 13:53:50.267136+00:00
100,2025-02-08 13:53:50.814576+00:00
100,2025-02-08 13:53:51.362880+00:00
100,2025-02-08 13:53:51.913546+00:00
100,2025-02-08 13:53:52.482782+00:00
100,2025-02-08 13:53:53.031641+00:00
100,2025-02-08 13:53:53.589367+00:00
100,2025-02-08 13:53:54.149164+00:00
100,2025-02-08 13:53:54.699723+00:00
100,2025-02-08 13:53:55.252102+00:00
100,2025-02-08 13:53:55.805205+00:00
100,2025-02-08 13:53:56.386113+00:00
71,2025-02-08 13:53:56.936201+00:00
72,2025-02-08 13:53:57.472407+00:00
72,2025-02-08 13:53:58.017030+00:00
72,2025-02-08 13:53:58.558604+00:00
72,2025-02-08 13:53:59.100187+00:00
72,2025-02-08 13:53:59.651637+00:00
72,2025-02-08 13:54:00.191982+00:00
72,2025-02-08 13:54:00.729028+00:00
72,2025-02-08 13:54:01.265950+00:00
72,2025-02-08 13:54:01.817823+00:00
72,2025-02-08 13:54:02.361256+00:00
72,2025-02-08 13:54:02.923689+00:00
72,2025-02-08 13:54:03.472259+00:00
72,2025-02-08 13:54:04.050886+00:00
72,2025-02-08 13:54:04.608839+00:00
72,2025-02-08 13:54:05.159217+00:00
72,2025-02-08 13:54:05.718263+00:00
72,2025-02-08 13:54:06.272197+00:00
72,2025-02-08 13:54:06.819061+00:00
72,2025-02-08 13:54:07.371789+00:00
72,2025-02-08 13:54:07.923937+00:00
72,2025-02-08 13:54:08.469991+00:00
72,2025-02-08 13:54:09.034303+00:00
72,2025-02-08 13:54:09.587584+00:00
72,2025-02-08 13:54:10.141689+00:00
72,2025-02-08 13:54:10.695623+00:00
72,2025-02-08 13:54:11.244485+00:00
72,2025-02-08 13:54:11.818538+00:00
72,2025-02-08 13:54:12.365976+00:00
72,2025-02-08 13:54:12.921080+00:00
72,2025-02-08 13:54:13.472486+00:00
72,2025-02-08 13:54:14.068493+00:00
72,2025-02-08 13:54:14.615151+00:00
72,2025-02-08 13:54:15.176711+00:00
72,2025-02-08 13:54:15.731011+00:00
72,2025-02-08 13:54:16.289889+00:00
72,2025-02-08 13:54:16.843576+00:00
72,2025-02-08 13:54:17.398303+00:00
72,2025-02-08 13:54:17.955388+00:00
72,2025-02-08 13:54:18.507199+00:00
72,2025-02-08 13:54:19.071810+00:00
72,2025-02-08 13:54:19.626410+00:00
72,2025-02-08 13:54:20.177926+00:00
72,2025-02-08 13:54:20.727194+00:00
72,2025-02-08 13:54:21.277857+00:00
72,2025-02-08 13:54:21.833201+00:00
72,2025-02-08 13:54:22.376740+00:00
72,2025-02-08 13:54:22.932707+00:00
72,2025-02-08 13:54:23.490759+00:00
72,2025-02-08 13:54:24.049604+00:00
72,2025-02-08 13:54:24.592968+00:00
72,2025-02-08 13:54:25.137801+00:00
72,2025-02-08 13:54:25.694032+00:00
72,2025-02-08 13:54:26.245523+00:00
72,2025-02-08 13:54:26.790570+00:00
72,2025-02-08 13:54:27.387162+00:00
72,2025-02-08 13:54:27.924355+00:00
72,2025-02-08 13:54:28.462939+00:00
72,2025-02-08 13:54:29.007877+00:00
72,2025-02-08 13:54:29.549919+00:00
72,2025-02-08 13:54:30.080099+00:00
72,2025-02-08 13:54:30.616170+00:00
72,2025-02-08 13:54:31.159095+00:00
72,2025-02-08 13:54:31.703384+00:00
72,2025-02-08 13:54:32.252104+00:00
72,2025-02-08 13:54:32.817621+00:00
72,2025-02-08 13:54:33.368949+00:00
72,2025-02-08 13:54:33.956938+00:00
72,2025-02-08 13:54:34.508906+00:00
72,2025-02-08 13:54:35.188006+00:00
72,2025-02-08 13:54:35.749248+00:00
72,2025-02-08 13:54:36.290405+00:00
72,2025-02-08 13:54:36.833156+00:00
72,2025-02-08 13:54:37.386792+00:00
72,2025-02-08 13:54:37.947421+00:00
72,2025-02-08 13:54:38.502934+00:00
72,2025-02-08 13:54:39.049499+00:00
72,2025-02-08 13:54:39.596259+00:00
72,2025-02-08 13:54:40.150520+00:00
71,2025-02-08 13:54:40.705354+00:00
72,2025-02-08 13:54:41.257636+00:00
72,2025-02-08 13:54:41.808045+00:00
72,2025-02-08 13:54:42.366795+00:00
71,2025-02-08 13:54:42.926063+00:00
72,2025-02-08 13:54:43.476016+00:00
72,2025-02-08 13:54:44.031973+00:00
72,2025-02-08 13:54:44.582098+00:00
71,2025-02-08 13:54:45.134356+00:00
71,2025-02-08 13:54:45.696786+00:00
72,2025-02-08 13:54:46.242580+00:00
71,2025-02-08 13:54:46.788134+00:00
72,2025-02-08 13:54:47.344064+00:00
72,2025-02-08 13:54:47.884403+00:00
72,2025-02-08 13:54:48.433691+00:00
72,2025-02-08 13:54:48.993438+00:00
72,2025-02-08 13:54:49.581468+00:00
72,2025-02-08 13:54:50.182122+00:00
72,2025-02-08 13:54:50.738055+00:00
72,2025-02-08 13:54:51.288885+00:00
72,2025-02-08 13:54:51.843549+00:00
72,2025-02-08 13:54:52.390110+00:00
72,2025-02-08 13:54:52.947201+00:00
72,2025-02-08 13:54:53.501759+00:00
72,2025-02-08 13:54:54.055766+00:00
72,2025-02-08 13:54:54.608129+00:00
72,2025-02-08 13:54:55.160893+00:00
72,2025-02-08 13:54:55.711729+00:00
72,2025-02-08 13:54:56.262997+00:00
72,2025-02-08 13:54:56.818610+00:00
72,2025-02-08 13:54:57.381330+00:00
72,2025-02-08 13:54:57.937524+00:00
72,2025-02-08 13:54:58.485256+00:00
72,2025-02-08 13:54:59.050900+00:00
72,2025-02-08 13:54:59.607441+00:00
72,2025-02-08 13:55:00.154485+00:00
72,2025-02-08 13:55:00.714234+00:00
72,2025-02-08 13:55:01.282483+00:00
72,2025-02-08 13:55:01.831808+00:00
72,2025-02-08 13:55:02.389973+00:00
72,2025-02-08 13:55:02.940925+00:00
72,2025-02-08 13:55:03.497758+00:00
72,2025-02-08 13:55:04.048020+00:00
70,2025-02-08 13:55:04.618054+00:00
72,2025-02-08 13:55:05.167808+00:00
72,2025-02-08 13:55:05.727698+00:00
60,2025-02-08 13:55:06.275666+00:00
60,2025-02-08 13:55:06.822301+00:00
60,2025-02-08 13:55:07.369516+00:00
60,2025-02-08 13:55:07.922372+00:00
60,2025-02-08 13:55:08.480178+00:00
60,2025-02-08 13:55:09.036488+00:00
60,2025-02-08 13:55:09.592873+00:00
60,2025-02-08 13:55:10.148234+00:00
60,2025-02-08 13:55:10.700207+00:00
60,2025-02-08 13:55:11.251031+00:00
60,2025-02-08 13:55:11.788852+00:00
60,2025-02-08 13:55:12.344583+00:00
60,2025-02-08 13:55:12.898684+00:00
60,2025-02-08 13:55:13.445428+00:00
60,2025-02-08 13:55:13.997817+00:00
60,2025-02-08 13:55:14.547894+00:00
60,2025-02-08 13:55:15.104273+00:00
60,2025-02-08 13:55:15.656555+00:00
60,2025-02-08 13:55:16.213431+00:00
60,2025-02-08 13:55:16.767575+00:00
60,2025-02-08 13:55:17.322656+00:00
60,2025-02-08 13:55:17.883409+00:00
60,2025-02-08 13:55:18.436460+00:00
60,2025-02-08 13:55:18.997361+00:00
60,2025-02-08 13:55:19.552875+00:00
60,2025-02-08 13:55:20.084760+00:00
60,2025-02-08 13:55:20.617099+00:00
60,2025-02-08 13:55:21.149252+00:00
60,2025-02-08 13:55:21.685828+00:00
60,2025-02-08 13:55:22.226732+00:00
60,2025-02-08 13:55:22.760368+00:00
60,2025-02-08 13:55:23.295948+00:00
60,2025-02-08 13:55:23.835394+00:00
60,2025-02-08 13:55:24.366728+00:00
60,2025-02-08 13:55:24.911031+00:00
60,2025-02-08 13:55:25.475530+00:00
60,2025-02-08 13:55:26.030871+00:00
60,2025-02-08 13:55:26.604072+00:00
60,2025-02-08 13:55:27.184359+00:00
60,2025-02-08 13:55:27.744206+00:00
60,2025-02-08 13:55:28.301185+00:00
60,2025-02-08 13:55:28.853648+00:00
60,2025-02-08 13:55:29.398373+00:00
60,2025-02-08 13:55:29.957752+00:00
60,2025-02-08 13:55:30.511552+00:00
60,2025-02-08 13:55:31.062600+00:00
60,2025-02-08 13:55:31.613207+00:00
56,2025-02-08 13:55:32.162601+00:00
60,2025-02-08 13:55:32.716654+00:00
60,2025-02-08 13:55:33.263888+00:00
60,2025-02-08 13:55:33.813330+00:00
60,2025-02-08 13:55:34.367104+00:00
60,2025-02-08 13:55:34.923257+00:00
60,2025-02-08 13:55:35.484036+00:00
59,2025-02-08 13:55:36.034988+00:00
60,2025-02-08 13:55:36.579601+00:00
60,2025-02-08 13:55:37.122983+00:00
60,2025-02-08 13:55:37.677099+00:00
60,2025-02-08 13:55:38.253949+00:00
60,2025-02-08 13:55:38.806986+00:00
60,2025-02-08 13:55:39.353453+00:00
60,2025-02-08 13:55:39.911286+00:00
60,2025-02-08 13:55:40.460526+00:00
60,2025-02-08 13:55:41.017064+00:00
60,2025-02-08 13:55:41.573480+00:00
60,2025-02-08 13:55:42.124191+00:00
57,2025-02-08 13:55:42.674867+00:00
60,2025-02-08 13:55:43.233448+00:00
60,2025-02-08 13:55:43.782736+00:00
60,2025-02-08 13:55:44.338559+00:00
60,2025-02-08 13:55:44.891886+00:00
60,2025-02-08 13:55:45.449813+00:00
60,2025-02-08 13:55:45.999989+00:00
60,2025-02-08 13:55:46.559713+00:00
60,2025-02-08 13:55:47.110940+00:00
60,2025-02-08 13:55:47.665074+00:00
60,2025-02-08 13:55:48.221133+00:00
60,2025-02-08 13:55:48.774880+00:00
60,2025-02-08 13:55:49.318172+00:00
60,2025-02-08 13:55:49.878976+00:00
60,2025-02-08 13:55:50.427409+00:00
60,2025-02-08 13:55:50.980529+00:00
60,2025-02-08 13:55:51.527894+00:00
60,2025-02-08 13:55:52.065365+00:00
60,2025-02-08 13:55:52.623266+00:00
60,2025-02-08 13:55:53.176914+00:00
58,2025-02-08 13:55:53.731018+00:00
60,2025-02-08 13:55:54.283154+00:00
60,2025-02-08 13:55:54.848799+00:00
60,2025-02-08 13:55:55.389020+00:00
60,2025-02-08 13:55:55.944051+00:00
60,2025-02-08 13:55:56.490336+00:00
60,2025-02-08 13:55:57.043589+00:00
60,2025-02-08 13:55:57.594788+00:00
60,2025-02-08 13:55:58.183457+00:00
60,2025-02-08 13:55:58.737230+00:00
60,2025-02-08 13:55:59.306198+00:00
60,2025-02-08 13:55:59.932498+00:00
60,2025-02-08 13:56:00.568498+00:00
60,2025-02-08 13:56:01.103349+00:00
60,2025-02-08 13:56:01.641400+00:00
59,2025-02-08 13:56:02.175460+00:00
60,2025-02-08 13:56:02.702833+00:00
60,2025-02-08 13:56:03.239437+00:00
60,2025-02-08 13:56:03.771659+00:00
60,2025-02-08 13:56:04.311057+00:00
60,2025-02-08 13:56:04.856994+00:00
60,2025-02-08 13:56:05.413177+00:00
60,2025-02-08 13:56:05.965823+00:00
60,2025-02-08 13:56:06.520972+00:00
60,2025-02-08 13:56:07.095974+00:00
60,2025-02-08 13:56:07.642178+00:00
60,2025-02-08 13:56:08.190494+00:00
60,2025-02-08 13:56:08.738258+00:00
60,2025-02-08 13:56:09.294097+00:00
60,2025-02-08 13:56:09.852801+00:00
60,2025-02-08 13:56:10.410772+00:00
60,2025-02-08 13:56:10.963063+00:00
60,2025-02-08 13:56:11.515866+00:00
60,2025-02-08 13:56:12.076638+00:00
60,2025-02-08 13:56:12.625576+00:00
60,2025-02-08 13:56:13.185559+00:00
60,2025-02-08 13:56:13.743768+00:00
60,2025-02-08 13:56:14.302983+00:00
60,2025-02-08 13:56:14.847190+00:00
60,2025-02-08 13:56:15.473479+00:00
60,2025-02-08 13:56:16.020047+00:00
60,2025-02-08 13:56:16.555207+00:00
60,2025-02-08 13:56:17.097383+00:00
60,2025-02-08 13:56:17.633753+00:00
60,2025-02-08 13:56:18.167441+00:00
60,2025-02-08 13:56:18.702168+00:00
59,2025-02-08 13:56:19.243090+00:00
60,2025-02-08 13:56:19.789839+00:00
60,2025-02-08 13:56:20.337534+00:00
60,2025-02-08 13:56:20.889427+00:00
60,2025-02-08 13:56:21.440285+00:00
60,2025-02-08 13:56:21.987751+00:00
60,2025-02-08 13:56:22.543876+00:00
29,2025-02-08 13:56:23.087601+00:00
60,2025-02-08 13:56:23.641839+00:00
60,2025-02-08 13:56:24.191974+00:00
60,2025-02-08 13:56:24.724060+00:00
60,2025-02-08 13:56:25.267670+00:00
60,2025-02-08 13:56:25.806548+00:00
60,2025-02-08 13:56:26.351947+00:00
60,2025-02-08 13:56:26.884047+00:00
60,2025-02-08 13:56:27.416625+00:00
60,2025-02-08 13:56:27.960954+00:00
60,2025-02-08 13:56:28.500544+00:00
60,2025-02-08 13:56:29.038382+00:00
60,2025-02-08 13:56:29.580537+00:00
60,2025-02-08 13:56:30.129164+00:00
60,2025-02-08 13:56:30.677150+00:00
60,2025-02-08 13:56:31.225805+00:00
60,2025-02-08 13:56:31.775735+00:00
60,2025-02-08 13:56:32.337199+00:00
60,2025-02-08 13:56:32.893277+00:00
60,2025-02-08 13:56:33.446807+00:00
60,2025-02-08 13:56:33.999914+00:00
60,2025-02-08 13:56:34.542038+00:00
60,2025-02-08 13:56:35.099147+00:00
60,2025-02-08 13:56:35.653425+00:00
59,2025-02-08 13:56:36.218320+00:00
60,2025-02-08 13:56:36.770009+00:00
60,2025-02-08 13:56:37.329058+00:00
60,2025-02-08 13:56:37.885908+00:00
60,2025-02-08 13:56:38.438065+00:00
60,2025-02-08 13:56:38.990598+00:00
60,2025-02-08 13:56:39.544574+00:00
60,2025-02-08 13:56:40.094514+00:00
60,2025-02-08 13:56:40.644765+00:00
60,2025-02-08 13:56:41.199509+00:00
60,2025-02-08 13:56:41.752924+00:00
60,2025-02-08 13:56:42.300683+00:00
60,2025-02-08 13:56:42.856298+00:00
60,2025-02-08 13:56:43.431978+00:00
60,2025-02-08 13:56:43.982524+00:00
60,2025-02-08 13:56:44.534394+00:00
60,2025-02-08 13:56:45.083576+00:00
60,2025-02-08 13:56:45.644472+00:00
60,2025-02-08 13:56:46.194890+00:00
60,2025-02-08 13:56:46.743702+00:00
60,2025-02-08 13:56:47.297934+00:00
60,2025-02-08 13:56:47.847793+00:00
60,2025-02-08 13:56:48.401529+00:00
60,2025-02-08 13:56:48.955937+00:00
60,2025-02-08 13:56:49.513207+00:00
60,2025-02-08 13:56:50.059866+00:00
60,2025-02-08 13:56:50.639931+00:00
60,2025-02-08 13:56:51.198726+00:00
60,2025-02-08 13:56:51.746110+00:00
60,2025-02-08 13:56:52.303777+00:00
60,2025-02-08 13:56:52.848950+00:00
60,2025-02-08 13:56:53.417138+00:00
60,2025-02-08 13:56:53.971087+00:00
60,2025-02-08 13:56:54.528952+00:00
60,2025-02-08 13:56:55.090420+00:00
60,2025-02-08 13:56:55.648474+00:00
60,2025-02-08 13:56:56.200217+00:00
60,2025-02-08 13:56:56.746541+00:00
60,2025-02-08 13:56:57.353772+00:00
60,2025-02-08 13:56:57.907606+00:00
60,2025-02-08 13:56:58.458266+00:00
60,2025-02-08 13:56:59.009864+00:00
60,2025-02-08 13:56:59.573237+00:00
60,2025-02-08 13:57:00.132361+00:00
60,2025-02-08 13:57:00.687562+00:00
60,2025-02-08 13:57:01.233994+00:00
60,2025-02-08 13:57:01.793059+00:00
60,2025-02-08 13:57:02.343909+00:00
60,2025-02-08 13:57:02.903334+00:00
60,2025-02-08 13:57:03.457713+00:00
60,2025-02-08 13:57:04.012895+00:00
60,2025-02-08 13:57:04.575974+00:00
60,2025-02-08 13:57:05.108508+00:00
60,2025-02-08 13:57:05.666518+00:00
60,2025-02-08 13:57:06.219766+00:00
60,2025-02-08 13:57:06.771047+00:00
60,2025-02-08 13:57:07.322317+00:00
60,2025-02-08 13:57:07.872478+00:00
60,2025-02-08 13:57:08.423986+00:00
60,2025-02-08 13:57:08.981757+00:00
60,2025-02-08 13:57:09.534069+00:00
60,2025-02-08 13:57:10.088598+00:00
60,2025-02-08 13:57:10.644377+00:00
60,2025-02-08 13:57:11.207440+00:00
60,2025-02-08 13:57:11.758653+00:00
60,2025-02-08 13:57:12.315653+00:00
60,2025-02-08 13:57:12.871276+00:00
60,2025-02-08 13:57:13.423869+00:00
60,2025-02-08 13:57:13.979345+00:00
60,2025-02-08 13:57:14.532945+00:00
60,2025-02-08 13:57:15.084724+00:00
60,2025-02-08 13:57:15.636686+00:00
60,2025-02-08 13:57:16.193152+00:00
60,2025-02-08 13:57:16.745896+00:00
60,2025-02-08 13:57:17.291476+00:00
60,2025-02-08 13:57:17.840305+00:00
60,2025-02-08 13:57:18.394496+00:00
60,2025-02-08 13:57:18.952461+00:00
60,2025-02-08 13:57:19.500334+00:00
60,2025-02-08 13:57:20.051945+00:00
60,2025-02-08 13:57:20.617546+00:00
60,2025-02-08 13:57:21.172606+00:00
60,2025-02-08 13:57:21.720570+00:00
60,2025-02-08 13:57:22.270353+00:00
60,2025-02-08 13:57:22.818248+00:00
60,2025-02-08 13:57:23.427299+00:00
60,2025-02-08 13:57:23.970944+00:00
60,2025-02-08 13:57:24.521431+00:00
60,2025-02-08 13:57:25.071843+00:00
60,2025-02-08 13:57:25.620371+00:00
60,2025-02-08 13:57:26.172165+00:00
60,2025-02-08 13:57:26.762181+00:00
60,2025-02-08 13:57:27.315603+00:00
60,2025-02-08 13:57:27.874406+00:00
60,2025-02-08 13:57:28.418264+00:00
60,2025-02-08 13:57:28.971157+00:00
60,2025-02-08 13:57:29.520926+00:00
60,2025-02-08 13:57:30.076269+00:00
60,2025-02-08 13:57:30.629941+00:00
60,2025-02-08 13:57:31.176709+00:00
60,2025-02-08 13:57:31.727536+00:00
60,2025-02-08 13:57:32.290277+00:00
60,2025-02-08 13:57:32.848369+00:00
60,2025-02-08 13:57:33.396746+00:00
60,2025-02-08 13:57:33.950172+00:00
60,2025-02-08 13:57:34.505147+00:00
60,2025-02-08 13:57:35.055860+00:00
60,2025-02-08 13:57:35.608409+00:00
60,2025-02-08 13:57:36.165503+00:00
60,2025-02-08 13:57:36.747134+00:00
60,2025-02-08 13:57:37.303190+00:00
60,2025-02-08 13:57:37.851611+00:00
60,2025-02-08 13:57:38.408339+00:00
60,2025-02-08 13:57:38.964230+00:00
60,2025-02-08 13:57:39.512936+00:00
60,2025-02-08 13:57:40.062499+00:00
60,2025-02-08 13:57:40.612927+00:00
60,2025-02-08 13:57:41.164011+00:00
60,2025-02-08 13:57:41.710380+00:00
60,2025-02-08 13:57:42.263787+00:00
60,2025-02-08 13:57:42.809169+00:00
60,2025-02-08 13:57:43.357748+00:00
60,2025-02-08 13:57:43.905455+00:00
60,2025-02-08 13:57:44.457762+00:00
60,2025-02-08 13:57:45.002379+00:00
60,2025-02-08 13:57:45.554032+00:00
60,2025-02-08 13:57:46.107444+00:00
59,2025-02-08 13:57:46.656962+00:00
60,2025-02-08 13:57:47.212520+00:00
60,2025-02-08 13:57:47.761953+00:00
60,2025-02-08 13:57:48.316201+00:00
60,2025-02-08 13:57:48.867850+00:00
60,2025-02-08 13:57:49.420379+00:00
60,2025-02-08 13:57:49.967295+00:00
59,2025-02-08 13:57:50.517303+00:00
60,2025-02-08 13:57:51.067848+00:00
60,2025-02-08 13:57:51.620499+00:00
60,2025-02-08 13:57:52.170501+00:00
60,2025-02-08 13:57:52.718699+00:00
60,2025-02-08 13:57:53.275596+00:00
60,2025-02-08 13:57:53.827166+00:00
60,2025-02-08 13:57:54.381088+00:00
60,2025-02-08 13:57:54.941950+00:00
60,2025-02-08 13:57:55.498004+00:00
60,2025-02-08 13:57:56.061770+00:00
60,2025-02-08 13:57:56.611931+00:00
60,2025-02-08 13:57:57.166331+00:00
60,2025-02-08 13:57:57.721411+00:00
60,2025-02-08 13:57:58.273153+00:00
60,2025-02-08 13:57:58.829691+00:00
60,2025-02-08 13:57:59.385505+00:00
60,2025-02-08 13:57:59.943991+00:00
60,2025-02-08 13:58:00.494031+00:00
60,2025-02-08 13:58:01.046765+00:00
60,2025-02-08 13:58:01.594173+00:00
60,2025-02-08 13:58:02.155613+00:00
60,2025-02-08 13:58:02.737342+00:00
60,2025-02-08 13:58:03.302421+00:00
60,2025-02-08 13:58:03.855551+00:00
60,2025-02-08 13:58:04.415144+00:00
60,2025-02-08 13:58:04.971293+00:00
60,2025-02-08 13:58:05.527475+00:00
60,2025-02-08 13:58:06.081918+00:00
57,2025-02-08 13:58:06.628068+00:00
60,2025-02-08 13:58:07.177232+00:00
60,2025-02-08 13:58:07.730699+00:00
60,2025-02-08 13:58:08.287669+00:00
60,2025-02-08 13:58:08.842532+00:00
60,2025-02-08 13:58:09.401156+00:00
60,2025-02-08 13:58:09.954684+00:00
60,2025-02-08 13:58:10.533152+00:00
60,2025-02-08 13:58:11.078099+00:00
60,2025-02-08 13:58:11.629430+00:00
59,2025-02-08 13:58:12.179130+00:00
60,2025-02-08 13:58:12.740096+00:00
60,2025-02-08 13:58:13.290172+00:00
60,2025-02-08 13:58:13.856108+00:00
60,2025-02-08 13:58:14.411847+00:00
60,2025-02-08 13:58:14.973871+00:00
60,2025-02-08 13:58:15.523686+00:00
60,2025-02-08 13:58:16.077417+00:00
60,2025-02-08 13:58:16.622763+00:00
60,2025-02-08 13:58:17.175455+00:00
60,2025-02-08 13:58:17.721100+00:00
60,2025-02-08 13:58:18.276626+00:00
60,2025-02-08 13:58:18.822047+00:00
60,2025-02-08 13:58:19.374152+00:00
60,2025-02-08 13:58:19.921630+00:00
60,2025-02-08 13:58:20.466756+00:00
60,2025-02-08 13:58:21.023181+00:00
60,2025-02-08 13:58:21.568233+00:00
60,2025-02-08 13:58:22.116581+00:00
60,2025-02-08 13:58:22.669369+00:00
60,2025-02-08 13:58:23.221508+00:00
60,2025-02-08 13:58:23.774401+00:00
60,2025-02-08 13:58:24.319586+00:00
60,2025-02-08 13:58:24.865246+00:00
60,2025-02-08 13:58:25.414096+00:00
60,2025-02-08 13:58:25.963371+00:00
60,2025-02-08 13:58:26.511877+00:00
60,2025-02-08 13:58:27.066350+00:00
60,2025-02-08 13:58:27.624669+00:00
60,2025-02-08 13:58:28.170833+00:00
60,2025-02-08 13:58:28.728212+00:00
60,2025-02-08 13:58:29.281756+00:00
59,2025-02-08 13:58:29.832267+00:00
60,2025-02-08 13:58:30.388163+00:00
60,2025-02-08 13:58:30.938401+00:00
60,2025-02-08 13:58:31.490647+00:00
59,2025-02-08 13:58:32.045367+00:00
60,2025-02-08 13:58:32.594719+00:00
60,2025-02-08 13:58:33.143654+00:00
60,2025-02-08 13:58:33.693227+00:00
60,2025-02-08 13:58:34.246789+00:00
60,2025-02-08 13:58:34.799252+00:00
60,2025-02-08 13:58:35.349437+00:00
60,2025-02-08 13:58:35.898187+00:00
60,2025-02-08 13:58:36.446829+00:00
60,2025-02-08 13:58:37.003749+00:00
60,2025-02-08 13:58:37.559922+00:00
60,2025-02-08 13:58:38.112111+00:00
60,2025-02-08 13:58:38.663214+00:00
60,2025-02-08 13:58:39.206764+00:00
60,2025-02-08 13:58:39.761282+00:00
60,2025-02-08 13:58:40.313086+00:00
60,2025-02-08 13:58:40.859944+00:00
60,2025-02-08 13:58:41.411001+00:00
60,2025-02-08 13:58:41.963162+00:00
60,2025-02-08 13:58:42.516961+00:00
60,2025-02-08 13:58:43.066836+00:00
60,2025-02-08 13:58:43.618872+00:00
60,2025-02-08 13:58:44.169620+00:00
60,2025-02-08 13:58:44.724860+00:00
60,2025-02-08 13:58:45.271931+00:00
60,2025-02-08 13:58:45.817896+00:00
60,2025-02-08 13:58:46.370178+00:00
60,2025-02-08 13:58:46.920228+00:00
60,2025-02-08 13:58:47.473762+00:00
60,2025-02-08 13:58:48.030911+00:00
60,2025-02-08 13:58:48.579016+00:00
60,2025-02-08 13:58:49.126986+00:00
60,2025-02-08 13:58:49.680684+00:00
60,2025-02-08 13:58:50.226728+00:00
58,2025-02-08 13:58:50.776278+00:00
59,2025-02-08 13:58:51.322637+00:00
60,2025-02-08 13:58:51.871693+00:00
60,2025-02-08 13:58:52.418314+00:00
60,2025-02-08 13:58:53.009400+00:00
60,2025-02-08 13:58:53.558473+00:00
60,2025-02-08 13:58:54.107049+00:00
60,2025-02-08 13:58:54.658684+00:00
59,2025-02-08 13:58:55.205744+00:00
60,2025-02-08 13:58:55.761364+00:00
60,2025-02-08 13:58:56.308034+00:00
60,2025-02-08 13:58:56.853902+00:00
60,2025-02-08 13:58:57.404817+00:00
60,2025-02-08 13:58:57.955903+00:00
60,2025-02-08 13:58:58.498347+00:00
60,2025-02-08 13:58:59.062416+00:00
60,2025-02-08 13:58:59.603829+00:00
60,2025-02-08 13:59:00.148833+00:00
59,2025-02-08 13:59:00.694165+00:00
